ID;DESC_CLASIFICACION;COD_BARRIO;BARRIO;COD_DISTRITO;DISTRITO;ESTADO;COORD_GIS_X;COORD_GIS_Y;SISTEMA_COORD;LATITUD;LONGITUD;TIPO_VIA;NOM_VIA;NUM_VIA;COD_POSTAL;DIRECCION_AUX;NDP;FECHA_INSTALACION;CODIGO_INTERNO;CONTRATO_COD;UBICACION;USO;MODELO
"1118921";"Fuentes de beber";"043";"FUENTE DEL BERRO";"04";"SALAMANCA";"CERRADA_TEMPORALMENT";"443881.34";"4475590.91";"ETRS89";40.42906316;-3.66159450;"PLAZA";"AMERICA ESPAÑOLA";"1";"28028";"ACCESO FINAL PARQUE FUENTE DEL BERRO, PROXIMO A AREA CANINA";"31070561";"2017-04-27 00:00:00.0";"FUE_04_0039";"FUE22";"ZV";"MASCOTAS";"BEBEDERO TERRIER"
"5154625";"Fuentes de beber";"083";"PEÑAGRANDE";"08";"FUENCARRAL-EL PARDO";"CERRADA_TEMPORALMENT";"438845.032";"4480387.121";"ETRS89";40.47191427;-3.72142620;"CALLE";"JOAQUIN LORENZO";"5 B";"28035";"PARQUE ENTRE C/VALLE DE MENA Y JOAQUÍN LORENZO";"31009888";"2019-06-26 00:00:00.0";"FUE_08_0169";"FUE22";"ZV";"PERSONAS_Y_MASCOTAS";"MIXTA TERRIER"
"5216235";"Fuentes de beber";"193";"VALDERRIVAS";"19";"VICALVARO";"CERRADA_TEMPORALMENT";"448541.28";"4471642.73";"ETRS89";40.39379669;-3.60634123;"CALLE";"MINERVA";"157";"28032";"POSTERIOR, JUNTO AREA CANINA EN PARQUE LINEAL VALDERRIBAS SUR";"20180442";"2019-11-28 00:00:00.0";"FUE_19_0143";"FUE22";"ZV";"PERSONAS_Y_MASCOTAS";"MIXTA TERRIER"
"5219912";"Fuentes de beber";"072";"ARAPILES";"07";"CHAMBERI";"OPERATIVO";"439733.47";"4476105.84";"ETRS89";40.43341171;-3.71053998;"CALLE";"GALILEO";"35";"28015";"Parque José Luis Sampedro";"31044128";"2019-12-26 00:00:00.0";"FUE_07_0032";"FUE22";"ZV";"MASCOTAS";"BEBEDERO TERRIER"
"5220275";"Fuentes de beber";"127";"PRADOLONGO";"12";"USERA";"CERRADA_TEMPORALMENT";"439845.78";"4469898.55";"ETRS89";40.37750160;-3.70862926;"CALLE";"CRISTO DE LA VICTORIA";"245";"28026";"POSTERIOR A PUNTO LIMPIO USERA, EN PARQUE DE PRADOLONGO";"31028698";"2023-06-16 00:00:00.0";"FUE_12_0075";"FUE22";"ZV";"PERSONAS_Y_MASCOTAS";"MIXTA ESTELA"
"3568802";"Fuentes de beber";"153";"QUINTANA";"15";"CIUDAD LINEAL";"OPERATIVO";"444726.65";"4476271.89";"ETRS89";40.43525439;-3.65168880;"CALLE";"VIRGEN DE LLUC";"42";"28027";"PARQUE CALERO, JUNTO ÁREA CANINA";"11109420";"2017-10-13 00:00:00.0";"FUE_15_0123";"FUE22";"ZV";"PERSONAS_Y_MASCOTAS";"MIXTA NEPTUNO"
"5108929";"Fuentes de beber";"012";"EMBAJADORES";"01";"CENTRO";"OPERATIVO";"440133.39";"4473044.21";"ETRS89";40.40586001;-3.70553708;"RONDA";"TOLEDO";"9";"28005";"Parque Casino de la Reina";"20150618";"2019-05-24 00:00:00.0";"FUE_01_0063";"FUE22";"ZV";"PERSONAS_Y_MASCOTAS";"MIXTA NEPTUNO"
"5109125";"Fuentes de beber";"012";"EMBAJADORES";"01";"CENTRO";"OPERATIVO";"440116.53";"4473053.82";"ETRS89";40.40594537;-3.70573667;"RONDA";"TOLEDO";"7";"28005";"Parque Casino de la Reina";"11001954";"2019-05-24 00:00:00.0";"FUE_01_0064";"FUE22";"ZV";"PERSONAS_Y_MASCOTAS";"MIXTA NEPTUNO"
"5212696";"Fuentes de beber";"101";"LOS CARMENES";"10";"LATINA";"OPERATIVO";"437606.100";"4472480.100";"ETRS89";40.40059270;-3.73526400;"AVENIDA";"ANGEL SANZ BRIZ";"4";"28047";"JUNTO AREA CANINA Y CARRIL BICI, EN PARQUE CUÑA VERDE LATINA";"31067192";"2023-07-07 00:00:00.0";"FUE_10_0116";"FUE22";"ZV";"MASCOTAS";"BEBEDERO TERRIER"
"5220281";"Fuentes de beber";"127";"PRADOLONGO";"12";"USERA";"CERRADA_TEMPORALMENT";"440148.007";"4469911.526";"ETRS89";40.37764026;-3.70507043;"CALLE";"CRISTO DE LA VICTORIA";"199";"28026";"ZONA NORTE JARDIN BOTÁNICO, EN PARQUE DE PRADOLONGO";"11085922";"2023-06-26 00:00:00.0";"FUE_12_0077";"FUE22";"ZV";"PERSONAS_Y_MASCOTAS";"MIXTA ESTELA"
"5220283";"Fuentes de beber";"127";"PRADOLONGO";"12";"USERA";"CERRADA_TEMPORALMENT";"440330.577";"4469741.157";"ETRS89";40.37611857;-3.70290392;"CALLE";"DOCTOR TOLOSA LATOUR";"14 B";"28026";"EN SUROESTE CAMPO DE FUTBOL, PROXIMO A MIRADOR PARQUE DE PRADOLONGO";"31070728";"2023-06-30 00:00:00.0";"FUE_12_0078";"FUE22";"ZV";"PERSONAS_Y_MASCOTAS";"MIXTA ESTELA"
"5220287";"Fuentes de beber";"127";"PRADOLONGO";"12";"USERA";"CERRADA_TEMPORALMENT";"439933.398";"4469397.881";"ETRS89";40.37299763;-3.70754999;"AVENIDA";"POBLADOS";"167";"28041";"DETRAS DE GAOLINERA, EN AREA CANINA DE PRADOLONGO";"31007158";"2020-01-10 00:00:00.0";"FUE_12_0079";"FUE22";"ZV";"PERSONAS_Y_MASCOTAS";"MIXTA ESTELA"
"529529";"Fuentes de beber";"033";"ESTRELLA";"03";"RETIRO";"OPERATIVO";"443835.690";"4474016.740";"ETRS89";40.41487910;-3.66199361;"CALLE";"JUAN ESPLANDIU";"4";"28007";"EN AREA CANINA, PROXIMO A TEMPLETE DE PARQUE ROMA";"11013635";;"FUE_03_0005";"FUE22";"ZV";"MASCOTAS";"BEBEDERO NEPTUNO"
"529791";"Fuentes de beber";"097";"ARAVACA";"09";"MONCLOA-ARAVACA";"CERRADA_TEMPORALMENT";"434095.49";"4478300.38";"ETRS89";40.45275312;-3.77723365;"CALLE";"ARROYO DE POZUELO";"71";"28023";"CERCANA AL ÁREA INFANTIL";"31005603";;"FUE_09_0025";"FUE22";"ZV";"PERSONAS_Y_MASCOTAS";"MIXTA ESTELA"
"530022";"Fuentes de beber";"152";"PUEBLO NUEVO";"15";"CIUDAD LINEAL";"CERRADA_TEMPORALMENT";"445824.983";"4474899.56";"ETRS89";40.42296393;-3.63862295;"AVENIDA";"DAROCA";"99";"28017";"PARQUE LOS TILOS II JUNTO ÁREA CANINA";"20117847";;"FUE_15_0098";"FUE22";"ZV";"PERSONAS_Y_MASCOTAS";"MIXTA NEPTUNO"
"5242892";"Fuentes de beber";"102";"PUERTA DEL ANGEL";"10";"LATINA";"OPERATIVO";"437432.65";"4473211.21";"ETRS89";40.40716583;-3.73737969;"PLAZA";"PATRIARCA EIJO Y GARAY";"2";"28011";"JUNTO AREA INFANTIL, PR0XIMO A FUENTE ORNAMENTAL, EN PARQUE";"11062431";"2020-01-14 00:00:00.0";"FUE_10_0117";"FUE22";"ZV";"PERSONAS_Y_MASCOTAS";"MIXTA TERRIER"
"529399";"Fuentes de beber";"015";"UNIVERSIDAD";"01";"CENTRO";"OPERATIVO";"440248.16";"4475384.04";"ETRS89";40.42694655;-3.70440439;"CALLE";"DOS DE MAYO";"1";"28004";"Plaza Dos de Mayo";"11006199";;"FUE_01_0020";"FUE22";"ZV";"PERSONAS_Y_MASCOTAS";"MIXTA ESTELA"
"529792";"Fuentes de beber";"097";"ARAVACA";"09";"MONCLOA-ARAVACA";"CERRADA_TEMPORALMENT";"434197.82";"4478382.06";"ETRS89";40.45349702;-3.77603541;"CALLE";"VIRGEN DE LOS ROSALES";"44";"28023";"CERCANA A LAS PISTAS DE PETANCA";"20125597";;"FUE_09_0026";"FUE22";"ZV";"PERSONAS_Y_MASCOTAS";"MIXTA ESTELA"
"530057";"Fuentes de beber";"152";"PUEBLO NUEVO";"15";"CIUDAD LINEAL";"OPERATIVO";"445616.28";"4476178.67";"ETRS89";40.43447326;-3.64119246;"CALLE";"GOMEZ DE AVELLANEDA";"37";"28017";"CV CALLE VICENTE ESPINEL";"11107884";;"FUE_15_0112";"FUE22";"VP";"PERSONAS_Y_MASCOTAS";"MIXTA ESTELA"
"530299";"Fuentes de beber";"205";"ROSAS";"20";"SAN BLAS-CANILLEJAS";"OPERATIVO";"448527.60";"4475657.32";"ETRS89";40.42996189;-3.60682720;"AVENIDA";"NIZA";"37";"28022";"PRÓXIMO JULIA GRACIA BOUTAN ÁREA CANINA";"20096820";"2023-08-10 00:00:00.0";"FUE_20_0094";"FUE22";"ZV";"PERSONAS_Y_MASCOTAS";"MIXTA ESTELA"
"530355";"Fuentes de beber";"214";"TIMON";"21";"BARAJAS";"CERRADA_TEMPORALMENT";"449614.943";"4480724.734";"ETRS89";40.47567882;-3.59441090;"CALLE";"PLAYA DE RIAZOR";"16";"28042";"CV C/ ARROYO DE LA TIA MARTINA";"31023253";;"FUE_21_0043";"FUE22";"ZV";"PERSONAS_Y_MASCOTAS";"MIXTA ESTELA"
"530402";"Fuentes de beber";"135";"PORTAZGO";"13";"PUENTE DE VALLECAS";"CERRADA_TEMPORALMENT";"445017.72";"4470827.56";"ETRS89";40.38622798;-3.64778675;"CALLE";"TANGER";"2";"28018";"JUNTO FAROLIN 11, EN AREA CANINA";"11098053";;"FUE_13_0090";"FUE22";"ZV";"MASCOTAS";"BEBEDERO CANINO"
"530413";"Fuentes de beber";"132";"SAN DIEGO";"13";"PUENTE DE VALLECAS";"OPERATIVO";"443309.790";"4470610.270";"ETRS89";40.38415604;-3.66788852;"CALLE";"DOCTOR BELLIDO";"23";"28018";"C/V C/ PUERTO DE LA MORCUERA, EN JARDIN";"31018137";;"FUE_13_0106";"FUE22";"ZV";"MASCOTAS";"BEBEDERO CANINO"
"530455";"Fuentes de beber";"145";"FONTARRON";"14";"MORATALAZ";"OPERATIVO";"444606.66";"4472971.68";"ETRS89";40.40551627;-3.65281598;"AVENIDA";"MORATALAZ";"62";"28030";"JUNTO FAROLA 42 Y AREA CANINA";"20152933";"2022-06-10 00:00:00.0";"FUE_14_0078";"FUE22";"ZV";"PERSONAS_Y_MASCOTAS";"MIXTA ESTELA"
"530660";"Fuentes de beber";"127";"PRADOLONGO";"12";"USERA";"OPERATIVO";"439838.692";"4469562.250";"ETRS89";40.37447152;-3.70868101;"AVENIDA";"POBLADOS";"167";"28041";"JUNTO FUENTE CIRCULAR DEL PARQUE DE PRADOLONGO";"31007158";"2023-06-19 00:00:00.0";"FUE_12_0024";"FUE22";"ZV";"PERSONAS_Y_MASCOTAS";"MIXTA ESTELA"
"530373";"Fuentes de beber";"136";"NUMANCIA";"13";"PUENTE DE VALLECAS";"OPERATIVO";"444417.767";"4471885.805";"ETRS89";40.39572148;-3.65494716;"CALLE";"BENJAMIN PALENCIA";"3";"28038";"JUNTO PASEO CENTRAL PARQUE CERRO DEL TIO PIO";"20002283";;"FUE_13_0057";"FUE22";"ZV";"PERSONAS_Y_MASCOTAS";"MIXTA ESTELA"
"530420";"Fuentes de beber";"133";"PALOMERAS BAJAS";"13";"PUENTE DE VALLECAS";"OPERATIVO";"444474.610";"4469775.430";"ETRS89";40.37671372;-3.65409346;"CALLE";"PUERTO DE BALBARAN";"135";"28018";"C/V C/ SABRINA, DENTRO DE AREA CANINA DEL PARQUE DE NOVECENTO";"20102235";;"FUE_13_0117";"FUE22";"ZV";"MASCOTAS";"BEBEDERO CANINO"
"530437";"Fuentes de beber";"208";"EL SALVADOR";"20";"SAN BLAS-CANILLEJAS";"OPERATIVO";"447121.801";"4477574.646";"ETRS89";40.44714611;-3.62355933;"CALLE";"MARQUESADO DE SANTA MARTA";"10";"28027";"ACCESO A ZONA ESTANCIAL";"20173541";"2024-12-04 00:00:00.0";"FUE_20_0139";"FUE22";"ZV";"PERSONAS_Y_MASCOTAS";"MIXTA ESTELA"
"530586";"Fuentes de beber";"117";"ABRANTES";"11";"CARABANCHEL";"OPERATIVO";"438279.050";"4469748.920";"ETRS89";40.37603910;-3.72706978;"CALLE";"CAZALEGAS";"6";"28025";"JUNTO AREA CANINA Y CARRIL BICI DEL PARQUE  EMPERATRIZ MARIA DE AUSTRIA";"31070584";;"FUE_11_0064";"FUE22";"ZV";"PERSONAS_Y_MASCOTAS";"MIXTA ESTELA"
"530736";"Fuentes de beber";"211";"ALAMEDA DE OSUNA";"21";"BARAJAS";"OPERATIVO";"448890.706";"4478182.718";"ETRS89";40.45273462;-3.60274980;"PASEO";"ALAMEDA DE OSUNA";"8";"28042";"JUNTO A SENDA CICLISTA";"31036783";"2024-12-19 00:00:00.0";"FUE_21_0080";"FUE22";"ZV";"PERSONAS_Y_MASCOTAS";"MIXTA ESTELA"
"530661";"Fuentes de beber";"127";"PRADOLONGO";"12";"USERA";"CERRADA_TEMPORALMENT";"440458.38";"4469989.17";"ETRS89";40.37836195;-3.70142168;"CALLE";"DOCTOR TOLOSA LATOUR";"3";"28041";"JUNTO INSTALACION DEPORTIVA, EN PARQUE DE PRADOLONGO";"31051199";"2023-07-05 00:00:00.0";"FUE_12_0019";"FUE22";"ZV";"PERSONAS_Y_MASCOTAS";"MIXTA ESTELA"
"530731";"Fuentes de beber";"171";"VILLAVERDE ALTO - CASCO HISTORICO DE VILLAVERDE";"17";"VILLAVERDE";"OPERATIVO";"439436.547";"4467395.865";"ETRS89";40.35492644;-3.71321207;"CALLE";"VERDE VIENTO";"91";"28021";"ZONA SUR - ESTE DEL PARQUE FORESTAL JULIO ALGUACIL GOMEZ, FRENTE A CARRETERA DE CARABANCHEL A VILLAVERDE";"20184011";;"FUE_17_0079";"FUE22";"ZV";"PERSONAS_Y_MASCOTAS";"MIXTA TERRIER"
"530733";"Fuentes de beber";"171";"VILLAVERDE ALTO - CASCO HISTORICO DE VILLAVERDE";"17";"VILLAVERDE";"FUERA_DE_SERVICIO";"439335.101";"4467689.809";"ETRS89";40.35756708;-3.71443459;"CALLE";"VERDE VIENTO";"123";"28021";"ZONA CENTRO - ESTE DEL PARQUE FORESTAL JULIO ALGUACIL GOMEZ, FRENTE A CARRETERA DE CARABANCHEL A VILLAVERDE";"20184059";;"FUE_17_0080";"FUE22";"ZV";"PERSONAS_Y_MASCOTAS";"MIXTA TERRIER"
"530746";"Fuentes de beber";"151";"VENTAS";"15";"CIUDAD LINEAL";"OPERATIVO";"445219.039";"4475287.271";"ETRS89";40.42641698;-3.64579889;"AVENIDA";"DAROCA";"94";"28017";"JARDINES CEMENTERIO ALMUDENA";"20117874";"2025-02-11 00:00:00.0";"FUE_15_0142";"FUE22";"ZV";"PERSONAS_Y_MASCOTAS";"MIXTA ESTELA"
"5541618";"Fuentes de beber";"051";"EL VISO";"05";"CHAMARTIN";"FUERA_DE_SERVICIO";"442386.49";"4477150.59";"ETRS89";40.44301133;-3.67935784;"CALLE";"FELIPE CAMPOS";"6";"28002";"CV C/FRANCISCO CAMPOS, JUNTO PISTAS PETANCA";"11021822";"2020-02-17 00:00:00.0";"FUE_05_0081";"FUE22";"ZV";"PERSONAS_Y_MASCOTAS";"MIXTA TERRIER"
"5815155";"Fuentes de beber";"201";"SIMANCAS";"20";"SAN BLAS-CANILLEJAS";"OPERATIVO";"447991.56";"4476180.03";"ETRS89";40.43463744;-3.61318921;"AVENIDA";"ARCENTALES";"29";"28022";"FRENTE FAROLA 111, EN INTERIOR AREA CANINA";"20128779";;"FUE_20_0125";"FUE22";"ZV";"PERSONAS_Y_MASCOTAS";"MIXTA NEPTUNO"
"5843625";"Fuentes de beber";"024";"LEGAZPI";"02";"ARGANZUELA";"OPERATIVO";"441802.34";"4471478.75";"ETRS89";40.39187585;-3.68572651;"AVENIDA";"PLANETARIO";"16";"28045";"EN AREA CANINA, ZONA POSTERIOR A PLANETARIO EN PARQUE ENRIQUE TIERNO GALVAN";"20064507";;"FUE_02_0064";"FUE22";"ZV";"PERSONAS_Y_MASCOTAS";"MIXTA NEPTUNO"
"5844560";"Fuentes de beber";"043";"FUENTE DEL BERRO";"04";"SALAMANCA";"CERRADA_TEMPORALMENT";"443949.87";"4475404.41";"ETRS89";40.42738769;-3.66077019;"CALLE";"SANCHO DAVILA";"17";"28028";"EN AREA CANINA DEL PARQUE DE LA QUINTA DE LA FUENTE DEL BERRO";"11016686";;"FUE_04_0051";"FUE22";"ZV";"PERSONAS_Y_MASCOTAS";"MIXTA NEPTUNO"
"5845865";"Fuentes de beber";"093";"CIUDAD UNIVERSITARIA";"09";"MONCLOA-ARAVACA";"OPERATIVO";"439416.091";"4478137.690";"ETRS89";40.45169239;-3.71447536;"CALLE";"RECTOR ROYO-VILLANOVA";"10 C";"28040";"ÁREA CANINA, PARQUE JUAN XXIII";"20107953";;"FUE_09_0132";"FUE22";"ZV";"PERSONAS_Y_MASCOTAS";"MIXTA NEPTUNO"
"5846927";"Fuentes de beber";"085";"LA PAZ";"08";"FUENCARRAL-EL PARDO";"OPERATIVO";"440656.303";"4481911.185";"ETRS89";40.48577500;-3.70020336;"CALLE";"SANGENJO";"29";"28034";"ÁREA CANINA, PARQUE DE LA SUPERMANZANA 7";"11045863";;"FUE_08_0173";"FUE22";"ZV";"PERSONAS_Y_MASCOTAS";"MIXTA NEPTUNO"
"5847548";"Fuentes de beber";"086";"VALVERDE";"08";"FUENCARRAL-EL PARDO";"OPERATIVO";"443406.123";"4483778.618";"ETRS89";40.50278962;-3.66792685;"PASEO";"SAN MILLAN DE LA COGOLLA";"14";"28050";"ÁREA CANINA, CALLE SAN MILLAN DE LA COGOLLA C/V CALLE VALCARLOS";"31006119";;"FUE_08_0172";"FUE22";"ZV";"PERSONAS_Y_MASCOTAS";"MIXTA NEPTUNO"
"7127957";"Fuentes de beber";"143";"MARROQUINA";"14";"MORATALAZ";"OPERATIVO";"445296.24";"4473357.23";"ETRS89";40.40903513;-3.64472284;"AVENIDA";"MORATALAZ";"183";"28030";"ENTRE ZONA DE APARCAMIENTO Y  AREA CANINA DEL PARQUE DE MORATALAZ";"31003128";"2020-07-09 00:00:00.0";"FUE_14_0109";"FUE22";"ZV";"PERSONAS_Y_MASCOTAS";"MIXTA ESTELA"
"7127984";"Fuentes de beber";"146";"VINATEROS";"14";"MORATALAZ";"OPERATIVO";"445969.66";"4472548.78";"ETRS89";40.40179610;-3.63671794;"CALLE";"HACIENDA DE PAVONES";"209";"28030";"FRENTE FAROLA 139, ENTRE CAMPO DE FUTBOL EL HOYO Y AREA CANINA";"31044614";"2020-07-09 00:00:00.0";"FUE_14_0113";"FUE22";"ZV";"PERSONAS_Y_MASCOTAS";"MIXTA ESTELA"
"7130464";"Fuentes de beber";"193";"VALDERRIVAS";"19";"VICALVARO";"CERRADA_TEMPORALMENT";"448820.84";"4472242.16";"ETRS89";40.39921399;-3.60309551;"CALLE";"MINERVA";"67";"28032";"C/V AVDA. AURORA BOREAL, JUNTO FAROLA 45 EN ZONA ESTANCIAL";"31001007";"2020-07-29 00:00:00.0";"FUE_19_0144";"FUE22";"VP";"PERSONAS_Y_MASCOTAS";"MIXTA ESTELA"
"7143151";"Fuentes de beber";"126";"ZOFIO";"12";"USERA";"OPERATIVO";"439590.340";"4470587.660";"ETRS89";40.38369098;-3.71170350;"AVENIDA";"RAFAELA YBARRA";"4";"28026";"JUNTO AREA CANINA DEL PARQUE OLOF PALME";"20025114";"2020-08-31 00:00:00.0";"FUE_12_0080";"FUE22";"ZV";"PERSONAS_Y_MASCOTAS";"MIXTA ESTELA"
"7608511";"Fuentes de beber";"053";"CIUDAD JARDIN";"05";"CHAMARTIN";"OPERATIVO";"442753.30";"4477946.43";"ETRS89";40.45020597;-3.67510457;"CALLE";"MARCENADO";"51";"28002";"DENTRO DEL ÁRENA CANINA";"31044661";;"FUE_05_0084";"FUE22";"ZV";"PERSONAS_Y_MASCOTAS";"MIXTA ESTELA"
"7870538";"Fuentes de beber";"205";"ROSAS";"20";"SAN BLAS-CANILLEJAS";"CERRADA_TEMPORALMENT";"449339.19";"4475813.98";"ETRS89";40.43142301;-3.59727205;"AVENIDA";"ARCENTALES";"57";"28022";"JUNTO AREA CANINA, EN PARQUE SEMIFORESTAL  JUNTO AL METROPOLITANO";"31042641";"2021-04-26 00:00:00.0";"FUE_20_0130";"FUE22";"ZV";"PERSONAS_Y_MASCOTAS";"MIXTA NEPTUNO"
"7870539";"Fuentes de beber";"205";"ROSAS";"20";"SAN BLAS-CANILLEJAS";"CERRADA_TEMPORALMENT";"449313.79";"4475763.97";"ETRS89";40.43097094;-3.59756750;"AVENIDA";"ARCENTALES";"57";"28022";"PROXIMO A GTA. M-40, EN PARQUE SEMIFORESTAL JUNTO AL METROPOLITANO";"31042641";"2021-04-26 00:00:00.0";"FUE_20_0131";"FUE22";"ZV";"PERSONAS_Y_MASCOTAS";"MIXTA NEPTUNO"
"8835112";"Fuentes de beber";"183";"ENSANCHE DE VALLECAS";"18";"VILLA DE VALLECAS";"OPERATIVO";"446598.040";"4468935.750";"ETRS89";40.36928809;-3.62901040;"CALLE";"PUERTO DE PORZUNA";"45";"28031";"FRENTE FAROLA 49, DENTRO DE AREA CANINA EN PARQUE MAYORAZGO";"31051767";"2022-05-05 00:00:00.0";"FUE_18_0068";"FUE22";"ZV";"PERSONAS_Y_MASCOTAS";"MIXTA ESTELA"
"8835115";"Fuentes de beber";"183";"ENSANCHE DE VALLECAS";"18";"VILLA DE VALLECAS";"FUERA_DE_SERVICIO";"448244.97";"4469558.29";"ETRS89";40.37500025;-3.60966316;"CALLE";"VILLAMAYOR DE SANTIAGO";"13";"28051";"PARQUE LOLA CAMARENA. JUNTO ÁREA CANINA";"31028258";"2022-05-05 00:00:00.0";"FUE_18_0070";"FUE22";"ZV";"PERSONAS_Y_MASCOTAS";"MIXTA ESTELA"
"8835118";"Fuentes de beber";"183";"ENSANCHE DE VALLECAS";"18";"VILLA DE VALLECAS";"OPERATIVO";"448756.2";"4469369.03";"ETRS89";40.37332685;-3.60362608;"CALLE";"PEÑARANDA DE BRACAMONTE";"8 B";"28051";"JUNTO PUMPTRACK, PROXIMO A AREA CANINA EN PARQUE ALBERTO PG";"31051528";"2022-05-05 00:00:00.0";"FUE_18_0071";"FUE22";"ZV";"PERSONAS_Y_MASCOTAS";"MIXTA ESTELA"
"8835151";"Fuentes de beber";"183";"ENSANCHE DE VALLECAS";"18";"VILLA DE VALLECAS";"OPERATIVO";"449781.36";"4468803.16";"ETRS89";40.36829147;-3.59150626;"CALLE";"ALTO DEL RETIRO";"6";"28051";"C/V C/ ANTONIO DE GADES. JUNTO ÁREA CANINA";"31065803";"2022-05-05 00:00:00.0";"FUE_18_0073";"FUE22";"ZV";"PERSONAS_Y_MASCOTAS";"MIXTA ESTELA"
"8888575";"Fuentes de beber";"206";"REJAS";"20";"SAN BLAS-CANILLEJAS";"OPERATIVO";"450077.900";"4477106.204";"ETRS89";40.44310886;-3.58866490;"CALLE";"DEYANIRA";"8";"28022";"FRENTE FAROLAS 17 Y 18, EN ACERA DE PARQUE PROXIMO A AREA CANINA";"31053840";"2022-06-09 00:00:00.0";"FUE_20_0135";"FUE22";"ZV";"PERSONAS_Y_MASCOTAS";"MIXTA ESTELA"
"9031613";"Fuentes de beber";"091";"CASA DE CAMPO";"09";"MONCLOA-ARAVACA";"CERRADA_TEMPORALMENT";"436901.469";"4473513.999";"ETRS89";40.40985339;-3.74366938;"PASEO";"Paseo Puerta del Angel";"1";"28011";"AREA CANINA VID Nº1";;;"FUEP_09_17_0011";"PV24";"ZV";"PERSONAS_Y_MASCOTAS";"OTRO"
"530737";"Fuentes de beber";"097";"ARAVACA";"09";"MONCLOA-ARAVACA";"CERRADA_TEMPORALMENT";"434883.043";"4478142.128";"ETRS89";40.45138961;-3.76793035;"CALLE";"ARROYO DE POZUELO";"1";"28023";"JUNTO A ZONA CANINA";"31005566";"2025-01-08 00:00:00.0";"FUE_09_0141";"FUE22";"ZV";"PERSONAS_Y_MASCOTAS";"MIXTA ESTELA"
"5842993";"Fuentes de beber";"133";"PALOMERAS BAJAS";"13";"PUENTE DE VALLECAS";"OPERATIVO";"443957.411";"4470686.146";"ETRS89";40.38488339;-3.66026581;"CALLE";"PUERTO DE COSTABONA";"9";"28018";"JUNTO FAROLA 9, EN AREA CANINA DEL PARQUE JAVIER DE MIGUEL";"20099405";"2017-04-26 00:00:00.0";"FUE_13_0163";"FUE22";"ZV";"PERSONAS_Y_MASCOTAS";"MIXTA ESTELA"
"5849302";"Fuentes de beber";"104";"ALUCHE";"10";"LATINA";"CERRADA_TEMPORALMENT";"436182.76";"4471950.12";"ETRS89";40.39571056;-3.75198249;"CALLE";"DUQUESA DE PARCENT";"120";"28047";"JUNRO FAROLA 32, EN AREA CANINA DEL PARQUE CERRO ALMODOVAR";"31020632";;"FUE_10_0118";"FUE22";"ZV";"PERSONAS_Y_MASCOTAS";"MIXTA NEPTUNO"
"6542299";"Fuentes de beber";"144";"MEDIA LEGUA";"14";"MORATALAZ";"CERRADA_TEMPORALMENT";"443990.08";"4473215.38";"ETRS89";40.40767041;-3.66010343;"AVENIDA";"MORATALAZ";"25";"28030";"FRENTE FAROLA 11, EN JARDIN POSTERIOR A ESTACION DE SERVICIO, JUNTO AREA INFANTIL";"31057067";"2020-03-11 00:00:00.0";"FUE_14_0105";"FUE22";"ZV";"PERSONAS_Y_MASCOTAS";"MIXTA NEPTUNO"
"7130547";"Fuentes de beber";"211";"ALAMEDA DE OSUNA";"21";"BARAJAS";"CERRADA_TEMPORALMENT";"449503.78";"4478163.55";"ETRS89";40.45259941;-3.59551845;"CALLE";"CATAMARAN";"9";"28042";"Parque Biosaludable Metro El Capricho";"20047353";"2020-07-15 00:00:00.0";"FUE_21_0065";"FUE22";"ZV";"PERSONAS_Y_MASCOTAS";"MIXTA ESTELA"
"7131439";"Fuentes de beber";"123";"SAN FERMIN";"12";"USERA";"OPERATIVO";"441489.47";"4468737.86";"ETRS89";40.36716247;-3.68916106;"CALLE";"CORINDON";"10";"28041";"FRENTE CAMPO DE FUTBOL, PROXIMO A AREA CANINA Y CASETA DE JARDINEROS";"31005121";"2020-08-07 00:00:00.0";"FUE_12_0084";"FUE22";"ZV";"PERSONAS_Y_MASCOTAS";"MIXTA ESTELA"
"7144389";"Fuentes de beber";"131";"ENTREVIAS";"13";"PUENTE DE VALLECAS";"CERRADA_TEMPORALMENT";"442885.88";"4469585.43";"ETRS89";40.37489473;-3.67279059;"RONDA";"SUR";"6 D";"28053";"FRENTE FAROLA 58, JUNTO AREA CANINA DEL PARQUE SOTO DE ENTREVIAS";"31060375";"2020-10-14 00:00:00.0";"FUE_13_0170";"FUE22";"ZV";"PERSONAS_Y_MASCOTAS";"MIXTA ESTELA"
"7180278";"Fuentes de beber";"064";"ALMENARA";"06";"TETUAN";"CERRADA_TEMPORALMENT";"441136.89";"4479934.41";"ETRS89";40.46800165;-3.69434977;"CALLE";"COSTA VERDE";"3";"28029";"frente al Nº 3";"31017668";"2020-10-15 00:00:00.0";"FUE_06_0096";"FUE22";"ZV";"PERSONAS_Y_MASCOTAS";"MIXTA ESTELA"
"7412031";"Fuentes de beber";"103";"LUCERO";"10";"LATINA";"CERRADA_TEMPORALMENT";"436274.373";"4472121.912";"ETRS89";40.39726515;-3.75092026;"CALLE";"CUART DE POBLET";"127";"28047";"JUNTO AREA CANINA, EN PARQUE CUÑA VERDE DE LATINA";"11063854";;"FUE_10_0123";"FUE22";"ZV";"PERSONAS_Y_MASCOTAS";"MIXTA NEPTUNO"
"7805896";"Fuentes de beber";"193";"VALDERRIVAS";"19";"VICALVARO";"OPERATIVO";"449343.28";"4472549.08";"ETRS89";40.40201088;-3.59696382;"AVENIDA";"GRAN VIA DEL ESTE";"14";"28032";"C/V C/ SAN CIPRIANO, ENTRE FAROLA 99 Y PISTA DEPORTIVA";"20179220";"2021-03-05 00:00:00.0";"FUE_19_0145";"FUE22";"VP";"PERSONAS_Y_MASCOTAS";"MIXTA ESTELA"
"7869825";"Fuentes de beber";"134";"PALOMERAS SURESTE";"13";"PUENTE DE VALLECAS";"CERRADA_TEMPORALMENT";"445270.88";"4470469.03";"ETRS89";40.38301479;-3.64477347;"AVENIDA";"RAFAEL ALBERTI";"51";"28018";"EN AREA CANINA DEL PARQUE CAMPO DE LA PALOMA";"11096233";"2021-05-14 00:00:00.0";"FUE_13_0172";"FUE22";"ZV";"MASCOTAS";"BEBEDERO TERRIER"
"7889388";"Fuentes de beber";"183";"ENSANCHE DE VALLECAS";"18";"VILLA DE VALLECAS";"CERRADA_TEMPORALMENT";"449856.26";"4468351.14";"ETRS89";40.36422384;-3.59058854;"CALLE";"PILAR DE MADARIAGA ROJO";"13";"28051";"ENTRE FAROLAS 14 Y 16, JUNTO AREA INFANTIL EN PARQUE GAME IRISI";"31029419";"2021-06-04 00:00:00.0";"FUE_18_0067";"FUE22";"ZV";"PERSONAS_Y_MASCOTAS";"MIXTA ESTELA"
"7924260";"Fuentes de beber";"191";"CASCO HISTORICO DE VICALVARO";"19";"VICALVARO";"OPERATIVO";"449439.85";"4472988.36";"ETRS89";40.40597408;-3.59586074;"PASEO";"POLIDEPORTIVO";"144";"28032";"FRENTE FAROLA 46, EN ACERA PROXIMO A AREA CANINA";"20064808";"2021-07-06 00:00:00.0";"FUE_19_0146";"FUE22";"ZV";"PERSONAS_Y_MASCOTAS";"MIXTA ESTELA"
"8800150";"Fuentes de beber";"213";"CASCO HISTORICO DE BARAJAS";"21";"BARAJAS";"CERRADA_TEMPORALMENT";"450803.236";"4480598.554";"ETRS89";40.47461336;-3.58038307;"CALLE";"TROPICO";"19";"28042";"ZV CALLE ACUARIO - Junto área canina";"20044044";"2022-04-04 00:00:00.0";"FUE_21_0072";"FUE22";"ZV";"MASCOTAS";"BEBEDERO NEPTUNO"
"8834918";"Fuentes de beber";"095";"VALDEMARIN";"09";"MONCLOA-ARAVACA";"CERRADA_TEMPORALMENT";"434115.99";"4480215.43";"ETRS89";40.47000600;-3.77719071;"AVENIDA";"VALDEMARIN";"67";"28023";"JUNTO ÁREA CANINA";"20166322";"2022-05-05 00:00:00.0";"FUE_09_0136";"FUE22";"ZV";"PERSONAS_Y_MASCOTAS";"MIXTA ESTELA"
"9031614";"Fuentes de beber";"091";"CASA DE CAMPO";"09";"MONCLOA-ARAVACA";"CERRADA_TEMPORALMENT";"437007.502";"4473546.342";"ETRS89";40.41015278;-3.74242299;"PASEO";"Paseo Puerta del Angel";"1";"28011";"AREA CANINA VID Nº2";;;"FUEP_09_17_0012";"PV24";"ZV";"PERSONAS_Y_MASCOTAS";"OTRO"
"9031694";"Fuentes de beber";"166";"VALDEFUENTES";"16";"HORTALEZA";"OPERATIVO";"447090.914";"4483149.04";"ETRS89";40.49736124;-3.62438851;"AVENIDA";"Avenida de las Fuerzas Armadas";"11";"28055";"EN LA ENTRADA 10 (GLORIETA DE ANTONIO BONET)";;;"FUEP_16_15_0007";"PV24";"ZV";"PERSONAS_Y_MASCOTAS";"OTRO"
"9031695";"Fuentes de beber";"166";"VALDEFUENTES";"16";"HORTALEZA";"OPERATIVO";"447060.011";"4483023.06";"ETRS89";40.49622438;-3.62474265;"AVENIDA";"Avenida de las Fuerzas Armadas";"11";"28055";"ZONA CANINA CERCA DE LA BALSA";;;"FUEP_16_15_0008";"PV24";"ZV";"PERSONAS_Y_MASCOTAS";"OTRO"
"9031717";"Fuentes de beber";"166";"VALDEFUENTES";"16";"HORTALEZA";"OPERATIVO";"446985.629";"4481579.52";"ETRS89";40.48321550;-3.62549963;"AVENIDA";"Avenida de las Fuerzas Armadas";"11";"28055";"EN LA ENTRADA 1 (GLORIETA ISIDRO GONZALEZ VELAZQUEZ)";;;"FUEP_16_15_0029";"PV24";"ZV";"PERSONAS_Y_MASCOTAS";"OTRO"
"9031741";"Fuentes de beber";"143";"MARROQUINA";"14";"MORATALAZ";"OPERATIVO";"446446.41";"4473902.63";"ETRS89";40.41402321;-3.63121397;"AVENIDA";"Avenida del Doctor Garcia Tapia";"125";"28030";"ZONA CANINA PROXIMA AL RECINTO FERIAL";;;"FUEP_14_19_0009";"PV24";"ZV";"MASCOTAS";"OTRO"
"8835114";"Fuentes de beber";"183";"ENSANCHE DE VALLECAS";"18";"VILLA DE VALLECAS";"CERRADA_TEMPORALMENT";"446944.621";"4468698.957";"ETRS89";40.36717702;-3.62490862;"CALLE";"CINCOVILLAS";"5";"28051";"ENTRE FAROLAS 8 Y 10, DENTRO DE AREA CANINA EN PARQUE";"31028057";"2022-05-05 00:00:00.0";"FUE_18_0069";"FUE22";"ZV";"PERSONAS_Y_MASCOTAS";"MIXTA ESTELA"
"8835122";"Fuentes de beber";"183";"ENSANCHE DE VALLECAS";"18";"VILLA DE VALLECAS";"OPERATIVO";"448448.5";"4468290.07";"ETRS89";40.36358783;-3.60716321;"AVENIDA";"CERRO MILANO";"27";"28051";"FRENTE FAROLA 164 , JUNTO AREA CANINA EN PARQUE JUNTO M-45";"31064538";;"FUE_18_0072";"FUE22";"ZV";"PERSONAS_Y_MASCOTAS";"MIXTA ESTELA"
"8835185";"Fuentes de beber";"183";"ENSANCHE DE VALLECAS";"18";"VILLA DE VALLECAS";"OPERATIVO";"446521.350";"4469652.910";"ETRS89";40.37574383;-3.62997383;"CALLE";"CABEZA MESADA";"7";"28031";"JUNTO AREA CANINA, EN PARQUE VALDEPERDICES";"31043451";"2022-05-05 00:00:00.0";"FUE_18_0074";"FUE22";"ZV";"PERSONAS_Y_MASCOTAS";"MIXTA ESTELA"
"8921514";"Fuentes de beber";"131";"ENTREVIAS";"13";"PUENTE DE VALLECAS";"CERRADA_TEMPORALMENT";"443918.82";"4468898.78";"ETRS89";40.36877910;-3.66056317;"CALLE";"ESTEBAN CARROS";"80";"28053";"JUNTO AREA CANINA EN PARQUE GARRIGUES  WALKER, PROXIMO A AVC";"20170141";"2022-06-11 00:00:00.0";"FUE_13_0174";"FUE22";"ZV";"MASCOTAS";"BEBEDERO NEPTUNO"
"9031690";"Fuentes de beber";"166";"VALDEFUENTES";"16";"HORTALEZA";"OPERATIVO";"446116.522";"4483153.27";"ETRS89";40.49733665;-3.63588716;"AVENIDA";"Avenida de las Fuerzas Armadas";"11";"28055";"JUNTO A LA ENTRADA DE LA PLAZA NORTE";;;"FUEP_16_15_0003";"PV24";"ZV";"PERSONAS_Y_MASCOTAS";"OTRO"
"9031701";"Fuentes de beber";"166";"VALDEFUENTES";"16";"HORTALEZA";"OPERATIVO";"445693.136";"4482319.59";"ETRS89";40.48979887;-3.64081185;"AVENIDA";"Avenida de las Fuerzas Armadas";"11";"28055";"JUNTO A LA ENTRADA DE LA PLAZA OESTE";;;"FUEP_16_15_0014";"PV24";"ZV";"PERSONAS_Y_MASCOTAS";"OTRO"
"9031702";"Fuentes de beber";"166";"VALDEFUENTES";"16";"HORTALEZA";"OPERATIVO";"445857.696";"4482296.13";"ETRS89";40.48959828;-3.63886818;"AVENIDA";"Avenida de las Fuerzas Armadas";"11";"28055";"ZONA CANINA CERCA DE LA PLAZA OESTE";;;"FUEP_16_15_0015";"PV24";"ZV";"PERSONAS_Y_MASCOTAS";"OTRO"
"9031747";"Fuentes de beber";"142";"HORCAJO";"14";"MORATALAZ";"OPERATIVO";"446759.85";"4473570.31";"ETRS89";40.41104958;-3.62749198;"AVENIDA";"Avenida del Doctor Garcia Tapia";"125";"28030";"ZONA CANINA FUENTE CARRANTONA";;;"FUEP_14_19_0015";"PV24";"ZV";"PERSONAS_Y_MASCOTAS";"OTRO"
"9031934";"Fuentes de beber";"162";"PIOVERA";"16";"HORTALEZA";"OPERATIVO";"446717.55";"4478421.92";"ETRS89";40.45475301;-3.62839723;"AVDA";"MACHUPICHU";"1";"28043";"PARQUE JUAN PABLO II. Entrada Papa Negro";;;"FUEP_16_11_0007";"PV24";"ZV";"PERSONAS_Y_MASCOTAS";"MIXTA ESTELA"
"9031935";"Fuentes de beber";"162";"PIOVERA";"16";"HORTALEZA";"OPERATIVO";"447384.493";"4478698.14";"ETRS89";40.45728385;-3.62055484;"AVDA";"MACHUPICHU";"1";"28043";"PARQUE JUAN PABLO II. Área canina";;;"FUEP_16_11_0008";"PV24";"ZV";"MASCOTAS";"BEBEDERO CANINO"
"9032108";"Fuentes de beber";"215";"CORRALEJOS";"21";"BARAJAS";"OPERATIVO";"448444.286";"4479328.04";"ETRS89";40.46302477;-3.60810733;"GTA";"S.A.R. DON JUAN DE BORBÓN Y BATTEMBERG";"5";"28042";"PARQUE JUAN CARLOS I. Área canina";;;"FUEP_21_12_0004";"PV24";"ZV";"MASCOTAS";"BEBEDERO CANINO"
"9127172";"Fuentes de beber";"113";"SAN ISIDRO";"11";"CARABANCHEL";"OPERATIVO";"438094.85";"4472184.91";"ETRS89";40.39796997;-3.72947620;"PASEO";"ERMITA DEL SANTO";"76";"28019";"JUNTO AREA CANINA PARQUE DE SAN ISIDRO,  PROXIMO A ESTANQUE CENTRAL";"20047749";"2022-12-19 00:00:00.0";"FUE_11_0144";"FUE22";"ZV";"MASCOTAS";"BEBEDERO NEPTUNO"
"9179667";"Fuentes de beber";"174";"LOS ROSALES";"17";"VILLAVERDE";"OPERATIVO";"441630.330";"4466670.840";"ETRS89";40.34855140;-3.68731295;"CALLE";"EDUARDO MINGUITO";"57";"28021";"FRENTE Nº 57, PROXIMO A AREA INFANTIL EN PARQUE";"11127642";"2023-02-22 00:00:00.0";"FUE_17_0138";"FUE22";"ZV";"PERSONAS_Y_MASCOTAS";"MIXTA ESTELA"
"9199241";"Fuentes de beber";"171";"VILLAVERDE ALTO - CASCO HISTORICO DE VILLAVERDE";"17";"VILLAVERDE";"CERRADA_TEMPORALMENT";"440401.06";"4465009.19";"ETRS89";40.33349535;-3.70163170;"CALLE";"SAN EUSTAQUIO";"26";"28021";"C/V C/ LAGUNA DEL MARQUESADO. JUNTO FAROLA 5, DENTRO DE AREA CANINA";"31022973";"2023-03-27 00:00:00.0";"FUE_17_0139";"FUE22";"ZV";"PERSONAS_Y_MASCOTAS";"MIXTA ESTELA"
"9272894";"Fuentes de beber";"154";"LA CONCEPCIÓN";"15";"CIUDAD LINEAL";"OPERATIVO";"444467.88";"4476220.43";"ETRS89";40.43477358;-3.65473509;"CALLE";"VIRGEN DE LLUC";"1";"28027";"PARQUE CALERO, JUNTO ÁREA CANINA";"31050701";"2023-06-20 00:00:00.0";"FUE_15_0138";"FUE22";"ZV";"PERSONAS_Y_MASCOTAS";"MIXTA NEPTUNO"
"9284711";"Fuentes de beber";"127";"PRADOLONGO";"12";"USERA";"OPERATIVO";"439567.43";"4469931.68";"ETRS89";40.37777992;-3.71191118;"AVENIDA";"RAFAELA YBARRA";"75";"28026";"FRENTE C/ PARQUE DE LA PALOMA Y FAROLA 134, JUNTO WC PÚBLICO";"11085784";"2023-07-10 00:00:00.0";"FUE_12_0087";"FUE22";"ZV";"PERSONAS_Y_MASCOTAS";"MIXTA ESTELA"
"9289989";"Fuentes de beber";"122";"ORCASUR";"12";"USERA";"OPERATIVO";"440591.233";"4469156.167";"ETRS89";40.37086729;-3.69977910;"AVENIDA";"POBLADOS";"154";"28041";"C/V AVDA. ORCASUR, PROXIMO A PASARELA PEATONAL";"31007189";"2023-07-28 00:00:00.0";"FUE_12_0088";"FUE22";"ZV";"PERSONAS_Y_MASCOTAS";"MIXTA ESTELA"
"9291850";"Fuentes de beber";"084";"PILAR";"08";"FUENCARRAL-EL PARDO";"CERRADA_TEMPORALMENT";"439309.391";"4481014.471";"ETRS89";40.47759972;-3.71600874;"AVENIDA";"MONFORTE DE LEMOS";"180";"28035";"ZONA CANINA";"20095370";"2023-08-04 00:00:00.0";"FUE_08_0190";"FUE22";"ZV";"PERSONAS_Y_MASCOTAS";"MIXTA ESTELA"
"9295075";"Fuentes de beber";"134";"PALOMERAS SURESTE";"13";"PUENTE DE VALLECAS";"OPERATIVO";"445324.938";"4470361.079";"ETRS89";40.38204584;-3.64412738;"CALLE";"ARAGONESES";"4";"28018";"C/V C/ ANGELILLO, PROXIMO A FAROLA 1";"31017835";"2023-08-04 00:00:00.0";"FUE_13_0180";"FUE22";"VP";"PERSONAS_Y_MASCOTAS";"MIXTA ESTELA"
"9310078";"Fuentes de beber";"205";"ROSAS";"20";"SAN BLAS-CANILLEJAS";"OPERATIVO";"449071.067";"4474876.493";"ETRS89";40.42296115;-3.60035785;"CALLE";"SOFIA";"12";"28022";"FRENTE Pº GINEBRA, PRÓXIMO A FAROLA 57";"31065177";"2023-07-27 00:00:00.0";"FUE_20_0138";"FUE22";"ZV";"PERSONAS_Y_MASCOTAS";"MIXTA NEPTUNO"
"9349565";"Fuentes de beber";"085";"LA PAZ";"08";"FUENCARRAL-EL PARDO";"OPERATIVO";"440867.977";"4481815.533";"ETRS89";40.48492844;-3.69769705;"CALLE";"SANTIAGO DE COMPOSTELA";"10";"28034";"bulevar AVDA. DE LA ILUSTRACIÓN";"11045892";"2023-12-14 00:00:00.0";"FUE_08_0191";"FUE22";"ZV";"MASCOTAS";"BEBEDERO NEPTUNO"
"9438299";"Fuentes de beber";"084";"PILAR";"08";"FUENCARRAL-EL PARDO";"CERRADA_TEMPORALMENT";"439668.382";"4481315.182";"ETRS89";40.48033479;-3.71180239;"PASEO";"VAGUADA";"13";"28029";"BULEVARD CV GTA. JOSÉ FRANCISCO DE ISLA";"20095218";"2024-03-25 00:00:00.0";"FUE_08_0198";"FUE22";"ZV";"PERSONAS_Y_MASCOTAS";"MIXTA ESTELA"
"9438357";"Fuentes de beber";"085";"LA PAZ";"08";"FUENCARRAL-EL PARDO";"CERRADA_TEMPORALMENT";"440307.318";"4481496.818";"ETRS89";40.48201721;-3.70428177;"CALLE";"PEDRO RICO";"51";"28029";"BULEVARD CV CALLE GINZO DE LIMIA";"20098058";"2024-03-25 00:00:00.0";"FUE_08_0204";"FUE22";"ZV";"PERSONAS_Y_MASCOTAS";"MIXTA ESTELA"
"9535019";"Fuentes de beber";"083";"PEÑAGRANDE";"08";"FUENCARRAL-EL PARDO";"CERRADA_TEMPORALMENT";"438776.734";"4481037.95";"ETRS89";40.47777213;-3.72229465;"CALLE";"ISLAS HEBRIDAS";"23";"28035";"CV ISLA DE TABARCA";"20015188";"2024-07-16 00:00:00.0";"FUE_08_0207";"FUE22";"ZV";"PERSONAS_Y_MASCOTAS";"MIXTA ESTELA"
"9535385";"Fuentes de beber";"052";"PROSPERIDAD";"05";"CHAMARTIN";"CERRADA_TEMPORALMENT";"443626.613";"4477365.909";"ETRS89";40.44503604;-3.66475481;"CALLE";"PADRE CLARET";"4";"28002";"JARDÍN LUIS DE TRELLES";"11027478";"2024-07-19 00:00:00.0";"FUE_05_0092";"FUE22";"ZV";"PERSONAS_Y_MASCOTAS";"MIXTA ESTELA"
"9537436";"Fuentes de beber";"182";"SANTA EUGENIA";"18";"VILLA DE VALLECAS";"OPERATIVO";"448663.309";"4470467.822";"ETRS89";40.38321983;-3.60480874;"CALLE";"ZAZUAR";"2";"28031";;"11131619";"2024-07-24 00:00:00.0";"FUE_18_0083";"FUE22";"VP";"PERSONAS_Y_MASCOTAS";"MIXTA ESTELA"
"9557681";"Fuentes de beber";"126";"ZOFIO";"12";"USERA";"OPERATIVO";"439132.905";"4469692.536";"ETRS89";40.37559396;-3.71700678;"CALLE";"RICARDO BELTRAN Y ROZPIDE";"59 B";"28026";"ESQ CALLE DEL MAIZ";"20107812";"2024-08-21 00:00:00.0";"FUE_12_0089";"FUE22";"VP";"PERSONAS_Y_MASCOTAS";"MIXTA ESTELA"
"9558123";"Fuentes de beber";"183";"ENSANCHE DE VALLECAS";"18";"VILLA DE VALLECAS";"OPERATIVO";"446854.927";"4469215.501";"ETRS89";40.37182469;-3.62600807;"CALLE";"PUERTO DE PORZUNA";"41";"28031";"ENTRE CIRCUITO DE RADIOCONTROL Y ZONA DE PATINAJE DE VILLA DE VALLECAS";"31070278";"2024-08-21 00:00:00.0";"FUE_18_0084";"FUE22";"ZV";"PERSONAS_Y_MASCOTAS";"MIXTA ESTELA"
"9558173";"Fuentes de beber";"183";"ENSANCHE DE VALLECAS";"18";"VILLA DE VALLECAS";"OPERATIVO";"450043.76";"4468048.126";"ETRS89";40.36150532;-3.58835656;"AVENIDA";"LAS SUERTES";"112";"28051";"ESQ ARTE EXPRESIONISTA, 24";"31069038";"2024-08-21 00:00:00.0";"FUE_18_0085";"FUE22";"ZV";"PERSONAS_Y_MASCOTAS";"MIXTA ESTELA"
"9566602";"Fuentes de beber";"113";"SAN ISIDRO";"11";"CARABANCHEL";"OPERATIVO";"437892.88";"4471820.339";"ETRS89";40.39467072;-3.73182043;"CALLE";"FAROLILLO";"3";"28019";"AL LADO DEL ÁREA CANINA";"20064492";"2024-08-28 00:00:00.0";"FUE_11_0151";"FUE22";"ZV";"PERSONAS_Y_MASCOTAS";"MIXTA ESTELA"
"9566606";"Fuentes de beber";"112";"OPAÑEL";"11";"CARABANCHEL";"OPERATIVO";"438626.202";"4471583.487";"ETRS89";40.39259140;-3.72315738;"PLAZA";"CANTORIA";"1";"28019";"CERCA BAR EL PICADOR";"20021306";"2024-08-28 00:00:00.0";"FUE_11_0152";"FUE22";"ZV";"PERSONAS_Y_MASCOTAS";"MIXTA ESTELA"
"9578829";"Fuentes de beber";"194";"EL CAÑAVERAL";"19";"VICALVARO";"OPERATIVO";"453593.097";"4472076.602";"ETRS89";40.39800214;-3.54684970;"CALLE";"PILAR BELLOSILLO";"11";"28052";"ACCESO A ÁREA CANINA";"31037315";"2024-09-06 00:00:00.0";"FUE_19_0151";"FUE22";"ZV";"PERSONAS_Y_MASCOTAS";"MIXTA ESTELA"
"9590353";"Fuentes de beber";"194";"EL CAÑAVERAL";"19";"VICALVARO";"OPERATIVO";"452936.113";"4472964.308";"ETRS89";40.40596239;-3.55465676;"CALLE";"ALOE VERA";"2";"28052";"CERCA DEL ÁREA DE JUEGOS INFANTILES";"31055723";"2024-09-19 00:00:00.0";"FUE_19_0152";"FUE22";"ZV";"PERSONAS_Y_MASCOTAS";"MIXTA ESTELA"
"9590749";"Fuentes de beber";"194";"EL CAÑAVERAL";"19";"VICALVARO";"OPERATIVO";"452084.947";"4472910.598";"ETRS89";40.40542998;-3.56468341;"CALLE";"IMPERIO ARGENTINA";"4";"28052";"CERCA DEL ÁREA DE ENTRENAMIENTO FÍSICO";"31040334";"2024-09-19 00:00:00.0";"FUE_19_0153";"FUE22";"ZV";"PERSONAS_Y_MASCOTAS";"MIXTA ESTELA"
"9591753";"Fuentes de beber";"101";"LOS CARMENES";"10";"LATINA";"OPERATIVO";"438231.651";"4472917.764";"ETRS89";40.40458201;-3.72793540;"AVENIDA";"CAPRICHOS";"3";"28011";"C/VÍA CARPETANA ESQ C/CARAMUEL, CUÑA VERDE LA LATINA, PARQUE LA ERMITA DEL SANTO";"31062503";"2024-09-24 00:00:00.0";"FUE_10_0138";"FUE22";"ZV";"PERSONAS_Y_MASCOTAS";"MIXTA ESTELA"
"9049038";"Fuentes de beber";"136";"NUMANCIA";"13";"PUENTE DE VALLECAS";"OPERATIVO";"444369.17";"4471454.05";"ETRS89";40.39182873;-3.65548204;"CALLE";"CANTALAPIEDRA";"2";"28038";"C/V AVDA. ALBUFERA, FRENTE CENTRO COMERCIAL ALBUFERA PLAZA";"11098510";;"FUE_13_0178";"FUE22";"VP";"PERSONAS_Y_MASCOTAS";"MIXTA NEPTUNO"
"9049057";"Fuentes de beber";"133";"PALOMERAS BAJAS";"13";"PUENTE DE VALLECAS";"OPERATIVO";"444169.09";"4471003.31";"ETRS89";40.38775481;-3.65779987;"CALLE";"MARIA TERESA ROBLEDO";"3";"28018";"JUNTO AREA INFANTIL, FRENTE MURAL EL PODER DE LOS ANIMALES";"31037826";"2022-11-03 00:00:00.0";"FUE_13_0176";"FUE22";"VP";"PERSONAS_Y_MASCOTAS";"MIXTA NEPTUNO"
"9049060";"Fuentes de beber";"133";"PALOMERAS BAJAS";"13";"PUENTE DE VALLECAS";"OPERATIVO";"444047.2";"4470784.43";"ETRS89";40.38577483;-3.65921666;"CALLE";"PUERTO DE COSTABONA";"5";"28018";"fFRENTE FAROLA 5, JUNTO AREA INFANTIL DEL PARQUE JAVIER DE MIGUEL";"20099401";;"FUE_13_0175";"FUE22";"ZV";"PERSONAS_Y_MASCOTAS";"MIXTA NEPTUNO"
"9049061";"Fuentes de beber";"133";"PALOMERAS BAJAS";"13";"PUENTE DE VALLECAS";"OPERATIVO";"444148.48";"4471010.36";"ETRS89";40.38781693;-3.65804330;"CALLE";"MARIA TERESA ROBLEDO";"3";"28018";"EN ACCESO A NIVEL INFERIOR PARQUE, FRENTE FUE_13_0176";"31037826";"2022-11-03 00:00:00.0";"FUE_13_0177";"FUE22";"ZV";"MASCOTAS";"BEBEDERO NEPTUNO"
"9185054";"Fuentes de beber";"107";"AGUILAS";"10";"LATINA";"OPERATIVO";"434907.420";"4471157.310";"ETRS89";40.38846992;-3.76692801;"CALLE";"ONIL";"12";"28044";"FRENTE C/ NAVACEPEDILLA, PROXIMO A AREA INFANTIL DEL PARQUE";"20098477";"2023-03-13 00:00:00.0";"FUE_10_0130";"FUE22";"ZV";"PERSONAS_Y_MASCOTAS";"MIXTA ESTELA"
"9191525";"Fuentes de beber";"166";"VALDEFUENTES";"16";"HORTALEZA";"CERRADA_TEMPORALMENT";"444600.304";"4483800.908";"ETRS89";40.50307102;-3.65383583;"CALLE";"VICENTE BLASCO IBAÑEZ";"81";"28050";"PARQUE DE VICENTE BLASCO IBAÑEZ";"31025091";"2023-03-13 00:00:00.0";"FUE_16_0177";"FUE22";"ZV";"PERSONAS_Y_MASCOTAS";"MIXTA TERRIER"
"9198730";"Fuentes de beber";"183";"ENSANCHE DE VALLECAS";"18";"VILLA DE VALLECAS";"CERRADA_TEMPORALMENT";"448219.55";"4468957.18";"ETRS89";40.36958344;-3.60991376;"CALLE";"CORRAL DE ALMAGUER";"29";"28051";"ENTRE FAROLAS 32 Y 34, EN PASEO CENTRAL DEL PARQUE";"31027595";"2023-03-24 00:00:00.0";"FUE_18_0081";"FUE22";"ZV";"PERSONAS_Y_MASCOTAS";"MIXTA ESTELA"
"9212801";"Fuentes de beber";"172";"SAN CRISTOBAL";"17";"VILLAVERDE";"CERRADA_TEMPORALMENT";"441871.99";"4465752.96";"ETRS89";40.34029944;-3.68438398;"CALLE";"PATERNA";"45 D";"28021";"JUNTO PASARELA PEATONAL (PUENTE DE SAN CRISTOBAL)";"31033566";"2023-04-14 00:00:00.0";"FUE_17_0140";"FUE22";"ZV";"PERSONAS_Y_MASCOTAS";"MIXTA ESTELA"
"9278148";"Fuentes de beber";"123";"SAN FERMIN";"12";"USERA";"OPERATIVO";"441786.72";"4468749.32";"ETRS89";40.36728652;-3.68566121;"CAMINO";"PERALES";"156";"28041";"ENTRE FAROLAS 78 Y 79, EN ZONA DE MERCADILLO DE SAN FERMIN";"20141736";"2023-07-04 00:00:00.0";"FUE_12_0086";"FUE22";"ZV";"PERSONAS_Y_MASCOTAS";"MIXTA ESTELA"
"9278180";"Fuentes de beber";"171";"VILLAVERDE ALTO - CASCO HISTORICO DE VILLAVERDE";"17";"VILLAVERDE";"CERRADA_TEMPORALMENT";"439139.35";"4466390.02";"ETRS89";40.34584361;-3.71661576;"PASEO";"FERROVIARIOS";"45";"28021";"FRENTE Nº 45, EN PARQUE PLATA Y CASTAÑAR PROXIMO A FAROLA 20";"11124622";"2023-07-04 00:00:00.0";"FUE_17_0142";"FUE22";"ZV";"PERSONAS_Y_MASCOTAS";"MIXTA ESTELA"
"9285545";"Fuentes de beber";"182";"SANTA EUGENIA";"18";"VILLA DE VALLECAS";"OPERATIVO";"447690.025";"4470245.615";"ETRS89";40.38115750;-3.61625635;"CALLE";"SIERRA GORDA";"31";"28031";"C/V C/ AGUSTIN GARCIA MALLA, JUNTO FAROLA 30";"31054960";"2023-07-14 00:00:00.0";"FUE_18_0082";"FUE22";"VP";"PERSONAS_Y_MASCOTAS";"MIXTA ESTELA"
"9290189";"Fuentes de beber";"204";"ARCOS";"20";"SAN BLAS-CANILLEJAS";"OPERATIVO";"447256.688";"4474628.605";"ETRS89";40.42061499;-3.62172429;"CALLE";"ARCOS DE JALON";"20";"28037";"C/V C/ SAN ROMAN DEL VALLE, JUNTO FAROLA 14";"31024171";"2023-07-28 00:00:00.0";"FUE_20_0136";"FUE22";"VP";"PERSONAS_Y_MASCOTAS";"MIXTA ESTELA"
"9291966";"Fuentes de beber";"174";"LOS ROSALES";"17";"VILLAVERDE";"OPERATIVO";"441371.714";"4467424.485";"ETRS89";40.35532255;-3.69042723;"CALLE";"VILLAJOYOSA";"75";"28041";"EN ZONA ESTANCIAL, JUNTO ÁREA INFANTIL";"11126805";"2023-08-11 00:00:00.0";"FUE_17_0144";"FUE22";"VP";"PERSONAS_Y_MASCOTAS";"MIXTA ESTELA"
"9295074";"Fuentes de beber";"116";"BUENAVISTA";"11";"CARABANCHEL";"OPERATIVO";"435858.111";"4469613.978";"ETRS89";40.37464068;-3.75557244;"CAMINO";"CRUCES";"6";"28044";"FRENTE FAROLA 13, EN MERCADILLO DE LAS CRUCES";"20078473";"2023-08-04 00:00:00.0";"FUE_11_0147";"FUE22";"ZV";"PERSONAS_Y_MASCOTAS";"MIXTA ESTELA"
"9295144";"Fuentes de beber";"136";"NUMANCIA";"13";"PUENTE DE VALLECAS";"OPERATIVO";"444852.165";"4472330.336";"ETRS89";40.39975496;-3.64986729;"CALLE";"RAMON PEREZ DE AYALA";"15";"28038";"PROXIMO A FAROLA 25, EN ZONA MERCADILLO DE FONTARRON";"31024347";"2023-08-18 00:00:00.0";"FUE_13_0181";"FUE22";"ZV";"PERSONAS_Y_MASCOTAS";"MIXTA ESTELA"
"9296045";"Fuentes de beber";"107";"AGUILAS";"10";"LATINA";"OPERATIVO";"435267.340";"4470757.437";"ETRS89";40.38489575;-3.76264711;"AVENIDA";"LAS AGUILAS";"1 B";"28044";"MERCADILLO DE LATINA, JUNTO FAROLA 21";"31054966";"2023-08-22 00:00:00.0";"FUE_10_0135";"FUE22";"VP";"PERSONAS_Y_MASCOTAS";"MIXTA ESTELA"
"9310059";"Fuentes de beber";"011";"PALACIO";"01";"CENTRO";"CERRADA_TEMPORALMENT";"439221.559";"4473935.229";"ETRS89";40.41382065;-3.71636747;"CALLE";"SEGOVIA";"39";"28005";"DENTRO DEL ÁREA CANINA";"31033462";"2023-09-19 00:00:00.0";"FUE_01_0117";"FUE22";"ZV";"PERSONAS_Y_MASCOTAS";"MIXTA ESTELA"
"9310077";"Fuentes de beber";"205";"ROSAS";"20";"SAN BLAS-CANILLEJAS";"OPERATIVO";"449110.504";"4475645.039";"ETRS89";40.42988712;-3.59995451;"CALLE";"ESTOCOLMO";"26 K";"28022";"C/V C/ MANCHESTER, JUNTO AVC";"20128514";"2023-07-27 00:00:00.0";"FUE_20_0137";"FUE22";"ZV";"PERSONAS_Y_MASCOTAS";"MIXTA NEPTUNO"
"9438314";"Fuentes de beber";"084";"PILAR";"08";"FUENCARRAL-EL PARDO";"CERRADA_TEMPORALMENT";"439991.802";"4481406.761";"ETRS89";40.48118321;-3.70799558;"PASEO";"VAGUADA";"3";"28029";"BULEVARD PASEO DE LA VAGUADA JUNTO A ZONA DE CALISTENIA";"20095203";"2024-03-25 00:00:00.0";"FUE_08_0201";"FUE22";"ZV";"PERSONAS_Y_MASCOTAS";"MIXTA ESTELA"
"9522584";"Fuentes de beber";"135";"PORTAZGO";"13";"PUENTE DE VALLECAS";"OPERATIVO";"444612.381";"4471512.687";"ETRS89";40.39237317;-3.65262163;"CALLE";"CARLOS SOLE";"34";"28038";"JUNTO ÁREA INFANTIL CARLOS SOLÉ 34 Y CARRIL BICI";"11101165";"2024-07-09 00:00:00.0";"FUE_13_0182";"FUE22";"ZV";"PERSONAS_Y_MASCOTAS";"MIXTA ESTELA"
"9535262";"Fuentes de beber";"103";"LUCERO";"10";"LATINA";"OPERATIVO";"435944.757";"4472153.172";"ETRS89";40.39752146;-3.75480717;"CALLE";"LOS YEBENES";"6";"28047";;"11065314";"2024-07-18 00:00:00.0";"FUE_10_0137";"FUE22";"ZV";"PERSONAS_Y_MASCOTAS";"MIXTA ESTELA"
"9558761";"Fuentes de beber";"094";"VALDEZARZA";"09";"MONCLOA-ARAVACA";"CERRADA_TEMPORALMENT";"439351.922";"4479926.631";"ETRS89";40.46780317;-3.71540299;"CALLE";"ISLAS BISAGOS";"13";"28039";"cerca de guardería infantil";"11054647";"2024-08-22 00:00:00.0";"FUE_09_0139";"FUE22";"ZV";"PERSONAS_Y_MASCOTAS";"MIXTA ESTELA"
"9560920";"Fuentes de beber";"183";"ENSANCHE DE VALLECAS";"18";"VILLA DE VALLECAS";"OPERATIVO";"447948.376";"4468940.4";"ETRS89";40.36941539;-3.61310633;"AVENIDA";"ENSANCHE DE VALLECAS";"14 G";"28051";"ENTRE PARQUE INFANTIL Y PISTA DE PARKOUR";"31050905";"2024-08-21 00:00:00.0";"FUE_18_0088";"FUE22";"ZV";"PERSONAS_Y_MASCOTAS";"MIXTA ESTELA"
"9560942";"Fuentes de beber";"123";"SAN FERMIN";"12";"USERA";"OPERATIVO";"441589.095";"4468938.657";"ETRS89";40.36897835;-3.68800611;"CALLE";"ADORA";"12";"28041";"CERCA DE PLAZA LEIRE Y ZONA INFANTIL";"20095524";"2024-08-26 00:00:00.0";"FUE_12_0091";"FUE22";"ZV";"PERSONAS_Y_MASCOTAS";"MIXTA ESTELA"
"9566593";"Fuentes de beber";"112";"OPAÑEL";"11";"CARABANCHEL";"OPERATIVO";"438243.075";"4470936.552";"ETRS89";40.38673519;-3.72760863;"AVENIDA";"OPORTO";"78";"28019";"AL LADO DEL CENTRO CULTURAL OPORTO";"11070372";"2024-08-28 00:00:00.0";"FUE_11_0150";"FUE22";"VP";"PERSONAS_Y_MASCOTAS";"MIXTA ESTELA"
"9578764";"Fuentes de beber";"194";"EL CAÑAVERAL";"19";"VICALVARO";"OPERATIVO";"452681.311";"4472768.449";"ETRS89";40.40418351;-3.55764495;"AVENIDA";"MIGUEL DELIBES";"95";"28052";;"31037300";"2024-09-04 00:00:00.0";"FUE_19_0149";"FUE22";"ZV";"PERSONAS_Y_MASCOTAS";"MIXTA ESTELA"
"9578816";"Fuentes de beber";"106";"CUATRO VIENTOS";"10";"LATINA";"OPERATIVO";"435180.144";"4468658.765";"ETRS89";40.36598326;-3.76346091;"CALLE";"LONJA DE LA SEDA";"43";"28054";"CERCA INSTALACIÓN DEPORTIVA LONJA DE LA SEDA";"31005006";"2024-09-06 00:00:00.0";"FUE_10_0139";"FUE22";"ZV";"PERSONAS_Y_MASCOTAS";"MIXTA ESTELA"
"9578819";"Fuentes de beber";"194";"EL CAÑAVERAL";"19";"VICALVARO";"OPERATIVO";"453391.224";"4472921.999";"ETRS89";40.40560685;-3.54929032;"CALLE";"CERRO DEL CAMPO";"41";"28052";"CERCA DEL ÁREA INFANTIL";"31040410";"2024-09-06 00:00:00.0";"FUE_19_0150";"FUE22";"ZV";"PERSONAS_Y_MASCOTAS";"MIXTA ESTELA"
"9583617";"Fuentes de beber";"024";"LEGAZPI";"02";"ARGANZUELA";"OPERATIVO";"441043.631";"4470978.708";"ETRS89";40.38731785;-3.69461926;"CALLE";"TERESA LOPEZ VALCARCEL";"17";"28045";"JUNTO ZONA INFANTIL";"20174514";"2024-09-16 00:00:00.0";"FUE_02_0069";"FUE22";"ZV";"PERSONAS_Y_MASCOTAS";"MIXTA ESTELA"
"9590758";"Fuentes de beber";"194";"EL CAÑAVERAL";"19";"VICALVARO";"OPERATIVO";"452565.858";"4472586.802";"ETRS89";40.40254053;-3.55899195;"CALLE";"IMPERIO ARGENTINA";"71";"28052";"ENTRE C/CONCEJAL VICTORINO GRANIZO Y C/ENRIQUE URQUIJO";"31037303";"2024-09-19 00:00:00.0";"FUE_19_0155";"FUE22";"VP";"PERSONAS_Y_MASCOTAS";"MIXTA ESTELA"
"9607782";"Fuentes de beber";"083";"PEÑAGRANDE";"08";"FUENCARRAL-EL PARDO";"CERRADA_TEMPORALMENT";"437895.595";"4481437.441";"ETRS89";40.48130544;-3.73272840;"CALLE";"LEOPOLDO ALAS CLARIN";"47";"28035";"cv Doctor Reinosa. Junto a zona infantil.";"11051477";"2024-10-03 00:00:00.0";"FUE_08_0215";"FUE22";"ZV";"PERSONAS_Y_MASCOTAS";"MIXTA ESTELA"
"9667162";"Fuentes de beber";"104";"ALUCHE";"10";"LATINA";"OPERATIVO";"434932.588";"4471898.029";"ETRS89";40.39514457;-3.76670718;"CALLE";"ESCALONA";"90";"28024";"CERCA DE ZONA INFANTIL";"31051792";"2024-11-14 00:00:00.0";"FUE_10_0142";"FUE22";"ZV";"PERSONAS_Y_MASCOTAS";"MIXTA ESTELA"
"9697993";"Fuentes de beber";"092";"ARGÜELLES";"09";"MONCLOA - ARAVACA";"OPERATIVO";"439477.023";"4474929.676";"ETRS89";40.42279769;-3.71345128;;;;"28008";;;;"FUEP_09_26_0003";"PV24";"ZV";"PERSONAS_Y_MASCOTAS";"MIXTA ESTELA"
"9697995";"Fuentes de beber";"091";"CASA DE CAMPO";"09";"MONCLOA - ARAVACA";"OPERATIVO";"439293.082";"4474998.237";"ETRS89";40.42340192;-3.71562598;;;;"28008";;;;"FUEP_09_26_0001";"PV24";"ZV";"PERSONAS_Y_MASCOTAS";"MIXTA ESTELA"
"9697996";"Fuentes de beber";"092";"ARGÜELLES";"09";"MONCLOA - ARAVACA";"OPERATIVO";"439529.317";"4474917.653";"ETRS89";40.42269319;-3.71283373;;;;"28008";;;;"FUEP_09_26_0005";"PV24";"ZV";"PERSONAS_Y_MASCOTAS";"MIXTA ESTELA"
"9591247";"Fuentes de beber";"054";"HISPANOAMERICA";"05";"CHAMARTIN";"CERRADA_TEMPORALMENT";"442991.554";"4478402.575";"ETRS89";40.45433152;-3.67233600;"CALLE";"VICTOR DE LA SERNA";"19";"28016";"Junto a zona infantil";"11024289";"2024-09-20 00:00:00.0";"FUE_05_0093";"FUE22";"ZV";"PERSONAS_Y_MASCOTAS";"MIXTA ESTELA"
"9636692";"Fuentes de beber";"107";"AGUILAS";"10";"LATINA";"OPERATIVO";"433896.252";"4470678.372";"ETRS89";40.38407585;-3.77879097;"CALLE";"FRAY JOSE CERDEIRIÑA";"51";"28024";"JUNTO AL PARKING DE BICIS, AL LADO DEL COLEGIO CIUDAD DE BADAJOZ";"11067270";"2024-10-21 00:00:00.0";"FUE_10_0140";"FUE22";"VP";"PERSONAS_Y_MASCOTAS";"MIXTA ESTELA"
"9667671";"Fuentes de beber";"103";"LUCERO";"10";"LATINA";"OPERATIVO";"435981.309";"4472453.523";"ETRS89";40.40022995;-3.75440669;"CALLE";"CONCEJAL FRANCISCO JOSE JIMENEZ MARTIN";"170";"28047";"CERCA PARADA DE BUS SEPÚLVEDA-CONCECAL FRANCISCO JIMÉNEZ";"20086593";"2024-11-15 00:00:00.0";"FUE_10_0143";"FUE22";"ZV";"PERSONAS_Y_MASCOTAS";"MIXTA ESTELA"
"9690822";"Fuentes de beber";"174";"LOS ROSALES";"17";"VILLAVERDE";"OPERATIVO";"441937.216";"4467629.289";"ETRS89";40.35720711;-3.68378677;"CALLE";"AUGUSTOBRIGA";"8";"28021";"JUNTO ÁREA INFANTIL";"31001978";"2024-11-22 00:00:00.0";"FUE_17_0146";"FUE22";"ZV";"PERSONAS_Y_MASCOTAS";"MIXTA ESTELA"
"9697961";"Fuentes de beber";"181";"CASCO HISTORICO DE VALLECAS";"18";"VILLA DE VALLECAS";"OPERATIVO";"446592.721";"4468332.629";"ETRS89";40.36385442;-3.62902254;"Avda";"Mayorazgo";"26";"28031";"Parque de la Gavia - Área canina";;;"FB_270007";"PV24";"ZV";"PERSONAS_Y_MASCOTAS";"OTRO"
"9697994";"Fuentes de beber";"092";"ARGÜELLES";"09";"MONCLOA - ARAVACA";"OPERATIVO";"439365.95";"4474955.694";"ETRS89";40.42302399;-3.71476300;;;;"28008";;;;"FUEP_09_26_0002";"PV24";"ZV";"PERSONAS_Y_MASCOTAS";"MIXTA ESTELA"
"9697997";"Fuentes de beber";"092";"ARGÜELLES";"09";"MONCLOA - ARAVACA";"OPERATIVO";"439512.799";"4474970.048";"ETRS89";40.42316398;-3.71303342;;;;"28008";;;;"FUEP_09_26_0004";"PV24";"ZV";"PERSONAS_Y_MASCOTAS";"MIXTA ESTELA"
